Model,Accuracy,Log_Loss,Brier_Score,ROC_AUC
MLP,0.6583061889250814,0.6198568661439605,0.2153398393510936,0.7068989590115702
XGBoost,0.6566775244299674,0.6222191501998106,0.21636239475145977,0.7069145203392455
Logistic Regression,0.6600977198697069,0.6172126167311882,0.21427041944857578,0.7103289975897114
Ensemble,0.6600977198697069,0.6171469383296783,0.21422732631060146,0.7104490881115642
