Model,Accuracy,Log_Loss,Brier_Score,ROC_AUC
MLP,0.6586319218241042,0.6162730411617945,0.2137622335020021,0.7126376546997195
XGBoost,0.6576547231270359,0.6221420509632234,0.2163661684235389,0.7076989185735821
Logistic Regression,0.6605863192182411,0.6169111155576488,0.21411253123347107,0.7109720560409556
Ensemble,0.6610749185667752,0.6148601495703695,0.2131163156907826,0.7155001877554674
