{
    "MLP": 0.7151126740359294,
    "XGBoost": 0.24923660708882528,
    "Logistic Regression": 0.03565071887524533
}