{
    "MLP": 0.2932750064220963,
    "XGBoost": 0.0388769617002805,
    "Logistic Regression": 0.6678480318776231
}